,zcmb,mb,dmb,errors
0,0.89791,24.48792266845703,0.10463494062423706,0.11104395985603333
1,0.29114,21.40538787841797,0.11647479236125946,0.13169172406196594
2,0.18203,20.310653686523438,0.12079572677612305,0.13881507515907288
3,0.25191,21.071212768554688,0.11779168248176575,0.13386943936347961
4,0.22334,20.82784652709961,0.11875127255916595,0.13545551896095276
5,0.01572,14.78769588470459,0.1613609939813614,0.18992868065834045
6,0.2488,21.044723510742188,0.1178961992263794,0.1340419352054596
7,0.2388,20.959537506103516,0.11823223531246185,0.13459733128547668
8,0.3026,21.503005981445312,0.11608973145484924,0.13105526566505432
9,0.545,23.311918258666992,0.10899761319160461,0.11919882893562317
10,0.7672,24.052356719970703,0.10625112056732178,0.11406496167182922
11,0.75039,23.996341705322266,0.10645869374275208,0.11445310711860657
12,0.21338,20.722652435302734,0.11916598677635193,0.1361408531665802
13,0.16431,20.016742706298828,0.12196467071771622,0.14071205258369446
14,0.4474,22.73645782470703,0.1112278401851654,0.12301769852638245
15,0.1412,19.63343048095703,0.12348920851945877,0.14318564534187317
16,0.9842,24.775470733642578,0.10356864333152771,0.10905006527900696
17,0.4392,22.666610717773438,0.11150291562080383,0.12347272038459778
18,0.7362,23.94905662536621,0.10663415491580963,0.11478105187416077
19,0.2842,21.346271514892578,0.1167076975107193,0.13207712769508362
20,0.74991,23.99474334716797,0.10646486282348633,0.11446431279182434
21,0.2196,20.795988082885742,0.11887672543525696,0.13566282391548157
22,0.2434,20.998722076416016,0.11807765066623688,0.134342223405838
23,0.3374,21.79944610595703,0.11492134630680084,0.129123717546463
24,0.0431,16.37464714050293,0.13662190735340118,0.1640644371509552
25,0.0822,18.21476936340332,0.1291256994009018,0.15236034989356995
26,0.01635,14.78769588470459,0.1613609939813614,0.18992868065834045
27,0.28655,21.366289138793945,0.11662852764129639,0.1319461166858673
28,0.01472,14.78769588470459,0.1613609939813614,0.18992868065834045
29,0.92116,24.565399169921875,0.10434761643409729,0.11050727963447571
30,0.347,21.881221771240234,0.11459885537624359,0.12859097123146057
31,0.6104,23.52985191345215,0.10818929970264435,0.11768797039985657
32,0.02384,14.78769588470459,0.1613609939813614,0.18992868065834045
33,0.5761,23.41555404663086,0.10861317813396454,0.11848035454750061
34,0.06641,17.553159713745117,0.13182395696640015,0.15656307339668274
35,0.58119,23.432514190673828,0.10855039954185486,0.11836305260658264
36,0.2348,20.925464630126953,0.11836645007133484,0.13481929898262024
37,0.2701,21.22616195678711,0.11718115210533142,0.1328594982624054
38,0.22967,20.88176727294922,0.11853840947151184,0.1351039707660675
39,0.03438,15.73861312866211,0.14142170548439026,0.17085126042366028
40,0.4712,22.939193725585938,0.11042846739292145,0.12169626355171204
41,0.32416,21.686664581298828,0.11536596715450287,0.12985876202583313
42,0.04437,16.459705352783203,0.13627657294273376,0.16352197527885437
43,0.3212,21.66144561767578,0.11546525359153748,0.1300232708454132
44,0.76039,24.029664993286133,0.10633523762226105,0.11422207951545715
45,0.25722,21.11644744873047,0.11761349439620972,0.13357475399971008
46,0.27573,21.274120330810547,0.11699211597442627,0.13254716992378235
47,0.3682,22.061809539794922,0.11388711631298065,0.1274142563343048
48,0.1294,19.437711715698242,0.1242675632238388,0.14444902539253235
49,0.25,21.054943084716797,0.11785593628883362,0.13397541642189026
50,0.20323,20.597938537597656,0.11965832114219666,0.13695266842842102
51,0.01752,14.78769588470459,0.1613609939813614,0.18992868065834045
52,0.15899,19.928504943847656,0.12231563776731491,0.1412818729877472
53,0.1985,20.540260314941406,0.11988598108291626,0.13732758164405823
54,0.47039,22.932296752929688,0.11045591533184052,0.12174156308174133
55,0.33439,21.7738037109375,0.11502225697040558,0.1292910873889923
56,0.80991,24.194679260253906,0.10572312772274017,0.1130777895450592
57,0.5834,23.43988037109375,0.10852284729480743,0.1183115541934967
58,0.05573,17.105663299560547,0.13364914059638977,0.15940561890602112
59,0.2246,20.838577270507812,0.11870910227298737,0.135385662317276
60,0.03501,15.804884910583496,0.14005541801452637,0.16941949725151062
61,0.80892,24.191383361816406,0.10573519766330719,0.11310067772865295
62,0.17357,20.170331954956055,0.12135390937328339,0.13972094655036926
63,0.60038,23.496463775634766,0.10831321775913239,0.11791947484016418
64,0.02171,14.78769588470459,0.1613609939813614,0.18992868065834045
65,0.03049,15.29813289642334,0.15065616369247437,0.17968955636024475
66,0.3148,21.606929779052734,0.11568020284175873,0.13037839531898499
67,0.4512,22.768829345703125,0.11109998822212219,0.12280657887458801
68,0.21885,20.789600372314453,0.11890198290348053,0.13570478558540344
69,0.4604,22.847196578979492,0.11079138517379761,0.12229624390602112
70,0.02249,14.78769588470459,0.1613609939813614,0.18992868065834045
71,0.4019,22.348875045776367,0.11275564134120941,0.12554362416267395
72,0.2641,21.175052642822266,0.11738245189189911,0.13319280743598938
73,0.24637,21.02402114868164,0.11797770857810974,0.13417711853981018
74,0.05721,17.16767692565918,0.13339625298976898,0.15901175141334534
75,0.02752,14.961823463439941,0.15770713984966278,0.18643763661384583
76,0.2996,21.477453231811523,0.11619041860103607,0.13122227787971497
77,0.28436,21.347633361816406,0.11670231819152832,0.1320681869983673
78,0.02651,14.847458839416504,0.16010484099388123,0.18873277306556702
79,0.6304,23.596498489379883,0.10794200003147125,0.11722579598426819
80,0.58621,23.44924545288086,0.10848820209503174,0.11824670433998108
81,0.40439,22.370086669921875,0.11267191171646118,0.1254052221775055
82,0.17483,20.191232681274414,0.12127050757408142,0.13958600163459778
83,0.3512,21.916996002197266,0.11445802450180054,0.12835779786109924
84,0.40127,22.343509674072266,0.1127767413854599,0.12557831406593323
85,0.07877,18.0710506439209,0.12971177697181702,0.15327325463294983
86,0.19718,20.5241641998291,0.11994963884353638,0.13743236660957336
87,0.82116,24.232168197631836,0.10558392107486725,0.1128183901309967
88,0.1388,19.593624114990234,0.12364748120307922,0.14344266057014465
89,0.04651,16.603031158447266,0.13569426536560059,0.162607342004776
90,0.26838,21.211511611938477,0.1172390729188919,0.13295558094978333
91,0.36952,22.07305145263672,0.11384272575378418,0.12734070420265198
92,0.2928,21.419525146484375,0.11641892790794373,0.1315998136997223
93,0.36,21.991958618164062,0.1141624003648758,0.1278691589832306
94,0.02414,14.78769588470459,0.1613609790802002,0.18992874026298523
95,0.50791,23.188323974609375,0.10945580899715424,0.12005630135536194
96,0.3283,21.721927642822266,0.11522667109966278,0.12962856888771057
97,0.24206,20.987308502197266,0.11812248826026917,0.13441601395606995
98,0.1505,19.78768539428711,0.12287567555904388,0.1421898901462555
99,0.30191,21.497129440307617,0.11611294746398926,0.13109400868415833
100,0.05895,17.240585327148438,0.13309887051582336,0.1585487425327301
101,0.2253,20.84454345703125,0.11868557333946228,0.13534703850746155
102,0.0202,14.78769588470459,0.1613609939813614,0.18992868065834045
103,0.3327,21.759410858154297,0.11507898569107056,0.12938442826271057
104,0.40091,22.340442657470703,0.11278869211673737,0.1255986988544464
105,0.20308,20.596111297607422,0.11966527998447418,0.1369641125202179
106,0.74538,23.97964859008789,0.10652057826519012,0.11456885933876038
107,0.69916,23.825626373291016,0.10709179937839508,0.11563721299171448
108,0.35819,21.976539611816406,0.11422319710254669,0.1279696524143219
109,0.02525,14.78769588470459,0.1613609939813614,0.18992868065834045
110,0.5078,23.187957763671875,0.10945755243301392,0.12005868554115295
111,0.62591,23.58153533935547,0.10799743235111237,0.11732938885688782
112,0.01662,14.78769588470459,0.1613609939813614,0.18992868065834045
113,0.07976,18.112533569335938,0.12954246997833252,0.15300944447517395
114,0.58038,23.4298152923584,0.10856014490127563,0.11838129162788391
115,0.57938,23.426483154296875,0.10857269167900085,0.11840489506721497
116,0.3386,21.809667587280273,0.11488126218318939,0.12905779480934143
117,0.4206,22.508167266845703,0.11212770640850067,0.12450554966926575
118,0.0122,14.78769588470459,0.1613609939813614,0.18992868065834045
119,0.57516,23.41242218017578,0.10862468183040619,0.1185016930103302
120,0.1806,20.28693389892578,0.12089003622531891,0.13896825909614563
121,0.2907,21.40163803100586,0.11648935079574585,0.1317162811756134
122,0.37039,22.080463409423828,0.11381350457668304,0.12729254364967346
123,0.84091,24.297983169555664,0.10533985495567322,0.11236134171485901
124,0.10683,18.91423797607422,0.1263427734375,0.14783933758735657
125,0.3509,21.914443969726562,0.11446772515773773,0.12837424874305725
126,0.3804,22.16573143005371,0.11347745358943939,0.12673678994178772
127,0.038,16.033079147338867,0.1380096971988678,0.16624382138252258
128,0.03791,16.027050018310547,0.13803422451019287,0.16628238558769226
129,0.19862,20.541725158691406,0.11988021433353424,0.13731780648231506
130,0.1326,19.49078941345215,0.12405645102262497,0.1441061794757843
131,0.05035,16.860214233398438,0.13464945554733276,0.16096660494804382
132,0.02398,14.78769588470459,0.1613609939813614,0.18992868065834045
133,0.34916,21.899621963500977,0.1145264208316803,0.12847080826759338
134,0.2426,20.99190902709961,0.1181044727563858,0.13438645005226135
135,0.61191,23.53488540649414,0.10817041993141174,0.11765268445014954
136,0.76639,24.049657821655273,0.1062609851360321,0.11408331990242004
137,0.24,20.96976089477539,0.11819170415401459,0.1345302164554596
138,0.3207,21.657188415527344,0.11548195779323578,0.13005080819129944
139,0.37425,22.113344192504883,0.1136840283870697,0.12707820534706116
140,0.3068,21.53878402709961,0.11594857275485992,0.13082244992256165
141,0.4391,22.665756225585938,0.11150625348091125,0.12347868084907532
142,0.5194,23.226612091064453,0.1093142032623291,0.1197907030582428
143,0.03411,15.708039283752441,0.1420624852180481,0.17146459221839905
144,0.4796,23.0107479095459,0.11014670133590698,0.12123003602027893
145,0.16477,20.024372100830078,0.12193438410758972,0.1406632959842682
146,0.01043,14.78769588470459,0.1613609939813614,0.18992868065834045
147,0.3188,21.641002655029297,0.11554588377475739,0.13015654683113098
148,0.35568,21.955158233642578,0.11430749297142029,0.12810924649238586
149,0.12694,19.384260177612305,0.12447953224182129,0.14479473233222961
150,0.1466,19.722999572753906,0.12313297390937805,0.14260795712471008
151,0.08254,18.229015350341797,0.1290675699710846,0.1522698700428009
152,0.32793,21.718778610229492,0.11523929238319397,0.12964966893196106
153,0.037,15.966104507446289,0.13828185200691223,0.16667106747627258
154,0.2116,20.70037841796875,0.11925402283668518,0.1362864077091217
155,0.0221,14.78769588470459,0.1613609939813614,0.18992868065834045
156,0.70116,23.832290649414062,0.10706715285778046,0.11559036374092102
157,0.3112,21.57626724243164,0.11580102145671844,0.13057854771614075
158,0.3669,22.050735473632812,0.11393068730831146,0.12748590111732483
159,0.1476,19.739582061767578,0.12306690216064453,0.14250066876411438
160,0.5652,23.379230499267578,0.1087479442358017,0.11873272061347961
161,0.02878,15.104500770568848,0.1547158807516098,0.18357494473457336
162,0.1912,20.451242446899414,0.12023754417896271,0.13790646195411682
163,0.2916,21.409305572509766,0.11645922064781189,0.13166621327400208
164,0.13729,19.56857681274414,0.1237470731139183,0.1436043083667755
165,0.10638,18.903717041015625,0.1263844072818756,0.1479072868824005
166,0.05067,16.88164520263672,0.13456232845783234,0.16082975268363953
167,0.1998,20.556114196777344,0.11982342600822449,0.1372244656085968
168,0.20313,20.596721649169922,0.11966285109519958,0.13696041703224182
169,0.62039,23.563140869140625,0.1080654114484787,0.11745670437812805
170,0.05344,17.00971221923828,0.13404041528701782,0.1600152552127838
171,0.03155,15.418160438537598,0.1481398493051529,0.1772814691066742
172,0.04437,16.459705352783203,0.13627657294273376,0.16352197527885437
173,0.18481,20.35676383972168,0.12061233818531036,0.13851752877235413
174,0.41616,22.47034454345703,0.11227674782276154,0.12475207448005676
175,0.01454,14.78769588470459,0.1613609939813614,0.18992868065834045
176,0.15271,19.8243408203125,0.12272988259792328,0.14195385575294495
177,0.03507,15.810193061828613,0.13997946679592133,0.16930058598518372
178,0.3288,21.726186752319336,0.11521017551422119,0.129601389169693
179,0.3379,21.8037052154541,0.11490461230278015,0.12909653782844543
180,0.4507,22.764570236206055,0.1111169308423996,0.12283399701118469
181,1.02,24.894765853881836,0.10312585532665253,0.10822358727455139
182,0.3876,22.22706413269043,0.1132357269525528,0.12633708119392395
183,0.01451,14.78769588470459,0.1613609939813614,0.18992868065834045
184,0.31582,21.615619659423828,0.11564590036869049,0.13032189011573792
185,0.55819,23.355873107910156,0.10883443057537079,0.11889412999153137
186,0.03578,15.873045921325684,0.13908177614212036,0.16789576411247253
187,1.12,25.227996826171875,0.10189001262187958,0.10591283440589905
188,0.64739,23.653114318847656,0.10773204267024994,0.11683312058448792
189,0.73516,23.94559097290039,0.10664719343185425,0.11480525135993958
190,0.01082,14.78769588470459,0.1613609790802002,0.18992874026298523
191,0.1384,19.586990356445312,0.12367390096187592,0.14348557591438293
192,0.3503,21.909332275390625,0.11448794603347778,0.12840774655342102
193,0.23542,20.93074607849121,0.11834587156772614,0.13478508591651917
194,0.92516,24.578731536865234,0.1042981892824173,0.1104147732257843
195,0.17315,20.163366317749023,0.12138165533542633,0.13976576924324036
196,0.23652,20.94011688232422,0.11830867826938629,0.13472405076026917
197,0.05684,17.152172088623047,0.1334594488143921,0.15911021828651428
198,0.19029,20.440147399902344,0.12028135359287262,0.13797858357429504
199,0.58421,23.44257926940918,0.10851304233074188,0.11829283833503723
200,0.01629,14.78769588470459,0.1613609939813614,0.18992868065834045
201,0.40991,22.41710662841797,0.11248646676540375,0.12509873509407043
202,0.3376,21.801149368286133,0.11491464078426361,0.12911275029182434
203,0.05948,17.26279067993164,0.1330081820487976,0.15840771794319153
204,0.55316,23.339111328125,0.1088968813419342,0.11901023983955383
205,0.04093,16.229312896728516,0.13721254467964172,0.16499164700508118
206,0.90139,24.499523162841797,0.1045924723148346,0.1109638512134552
207,0.30938,21.560760498046875,0.11586222052574158,0.1306791603565216
208,0.53516,23.279129028320312,0.1091192364692688,0.11942628026008606
209,0.74,23.961719512939453,0.10658694803714752,0.11469331383705139
210,0.1056,18.885486602783203,0.1264566332101822,0.14802542328834534
211,0.34039,21.824914932250977,0.11482088267803192,0.12895801663398743
212,0.04028,16.18578338623047,0.1373894214630127,0.16526976227760315
213,0.14729,19.73444366455078,0.12308736890554428,0.14253392815589905
214,0.37191,22.093412399291992,0.11376234889030457,0.12720826268196106
215,0.02091,14.78769588470459,0.1613609939813614,0.18992868065834045
216,0.02454,14.78769588470459,0.1613609939813614,0.18992868065834045
217,0.02837,15.058074951171875,0.15568919479846954,0.18450650572776794
218,0.19611,20.51111602783203,0.12000098824501038,0.13751724362373352
219,0.0322,15.4917631149292,0.14659687876701355,0.1758042275905609
220,0.2501,21.05579376220703,0.11785274744033813,0.13397017121315002
221,0.77391,24.074718475341797,0.10616789758205414,0.11390939354896545
222,0.15325,19.833297729492188,0.12269440293312073,0.14189580082893372
223,0.21353,20.724529266357422,0.11915840208530426,0.13612881302833557
224,0.94921,24.65887451171875,0.10400107502937317,0.10985913872718811
225,0.01763,14.78769588470459,0.1613609939813614,0.18992868065834045
226,0.1592,19.931983947753906,0.12230183929204941,0.1412588655948639
227,0.4118,22.433208465576172,0.11242309212684631,0.1249937117099762
228,0.04269,16.34718894958496,0.13673356175422668,0.16423973441123962
229,0.87891,24.424610137939453,0.1048700213432312,0.11148348450660706
230,0.02846,15.068264961242676,0.15547557175159454,0.1843019425868988
231,0.1994,20.551237106323242,0.11984255909919739,0.1372564136981964
232,0.35816,21.97628402709961,0.114223912358284,0.1279713213443756
233,0.84116,24.29881477355957,0.10533680021762848,0.11235550045967102
234,0.01531,14.78769588470459,0.1613609939813614,0.18992868065834045
235,0.20847,20.66183853149414,0.11940580606460571,0.1365368664264679
236,0.18979,20.43404769897461,0.12030529975891113,0.1380176842212677
237,0.1187,19.191669464111328,0.1252429187297821,0.146042138338089
238,0.17958,20.270015716552734,0.12095735967159271,0.1390775740146637
239,0.08141,18.18166732788086,0.1292605996131897,0.15257039666175842
240,0.2858,21.359901428222656,0.11665374040603638,0.13198819756507874
241,0.13514,19.532917022705078,0.12388905137777328,0.14383473992347717
242,0.21728,20.771453857421875,0.11897361278533936,0.13582339882850647
243,1.206,25.514572143554688,0.10082663595676422,0.10392573475837708
244,0.2296,20.88117218017578,0.11854128539562225,0.13510814309120178
245,0.60891,23.524887084960938,0.10820746421813965,0.11772218346595764
246,0.04341,16.395410537719727,0.1365378201007843,0.16393205523490906
247,0.02751,14.960694313049316,0.157730832695961,0.18646034598350525
248,0.07141,17.762662887573242,0.13096947968006134,0.15523210167884827
249,0.28391,21.34380340576172,0.1167173683643341,0.13209334015846252
250,0.13639,19.55364990234375,0.12380668520927429,0.14370062947273254
251,0.3254,21.69722557067871,0.11532416939735413,0.12978985905647278
252,0.59116,23.46573829650879,0.10842719674110413,0.11813226342201233
253,0.03682,15.954047203063965,0.13833087682724,0.16674837470054626
254,0.2588,21.129905700683594,0.11756052076816559,0.13348713517189026
255,0.21099,20.692747116088867,0.11928381025791168,0.13633587956428528
256,0.7342,23.94239044189453,0.10665874183177948,0.11482718586921692
257,0.3306,21.741519927978516,0.11514993011951447,0.1295013725757599
258,0.2212,20.809616088867188,0.11882303655147552,0.1355741322040558
259,0.1506,19.789344787597656,0.12286902219057083,0.14217951893806458
260,0.02763,14.974281311035156,0.15744592249393463,0.1861877143383026
261,0.3312,21.74662971496582,0.11512927711009979,0.12946763634681702
262,0.31376,21.598072052001953,0.11571498215198517,0.13043585419654846
263,0.10018,18.758806228637695,0.1269586682319641,0.14884594082832336
264,0.12622,19.367431640625,0.12454650551080704,0.14490392804145813
265,0.01531,14.78769588470459,0.1613609939813614,0.18992868065834045
266,0.04949,16.802614212036133,0.13488328456878662,0.16133394837379456
267,0.2734,21.2542724609375,0.117070272564888,0.1326766312122345
268,0.01012,14.78769588470459,0.1613609939813614,0.18992868065834045
269,0.07523,17.922725677490234,0.13031676411628723,0.15421536564826965
270,0.5027,23.170963287353516,0.10952042043209076,0.12017622590065002
271,0.22669,20.856382369995117,0.1186385303735733,0.135269433259964
272,0.73416,23.942256927490234,0.1066591888666153,0.11482837796211243
273,0.03378,15.670672416687012,0.1428457796573639,0.17221418023109436
274,0.01732,14.78769588470459,0.1613609939813614,0.18992868065834045
275,0.68339,23.773075103759766,0.10728700459003448,0.11600103974342346
276,0.44316,22.700340270996094,0.11137016117572784,0.12325289845466614
277,0.8492,24.325607299804688,0.10523727536201477,0.11217013001441956
278,0.5106,23.19728660583496,0.10942292213439941,0.11999383568763733
279,0.69992,23.82815933227539,0.10708257555961609,0.11561921238899231
280,0.03399,15.694451332092285,0.14234735071659088,0.1717371642589569
281,0.10288,18.821916580200195,0.12670840322971344,0.1484372913837433
282,0.21975,20.797264099121094,0.11887148022651672,0.13565471768379211
283,0.27923,21.303932189941406,0.11687454581260681,0.13235297799110413
284,0.18507,20.36107635498047,0.12059526145458221,0.13848963379859924
285,0.22286,20.82375717163086,0.11876723170280457,0.13548234105110168
286,0.1238,19.31087303161621,0.12477041780948639,0.14527001976966858
287,0.2637,21.171646118164062,0.11739592254161835,0.13321509957313538
288,0.268,21.20827293395996,0.11725166440010071,0.1329766809940338
289,0.3218,21.66655731201172,0.11544515192508698,0.12998977303504944
290,0.58421,23.44257926940918,0.10851304233074188,0.11829283833503723
291,0.2088,20.665863037109375,0.11938978731632233,0.13651099801063538
292,0.4208,22.509872436523438,0.11212091147899628,0.12449446320533752
293,0.01663,14.78769588470459,0.1613609939813614,0.18992868065834045
294,0.5283,23.256269454956055,0.10920397937297821,0.11958470940589905
295,0.2856,21.358196258544922,0.11666077375411987,0.13199928402900696
296,0.1777,20.238834381103516,0.12108127772808075,0.13927903771400452
297,0.59091,23.46490478515625,0.10842989385128021,0.11813798546791077
298,0.06888,17.656654357910156,0.13140195608139038,0.15590563416481018
299,0.03434,15.734086036682129,0.14151641726493835,0.17094209790229797
300,0.06119,17.334442138671875,0.13271601498126984,0.1579524576663971
301,0.735,23.945056915283203,0.10664898157119751,0.1148083508014679
302,0.3806,22.167436599731445,0.11347086727619171,0.12672606110572815
303,0.25625,21.108184814453125,0.11764611303806305,0.13362851738929749
304,0.28746,21.374038696289062,0.1165982037782669,0.13189604878425598
305,0.01402,14.78769588470459,0.1613609939813614,0.18992868065834045
306,0.17851,20.252269744873047,0.12102803587913513,0.1391918957233429
307,0.7622,24.035696029663086,0.10631304979324341,0.11418059468269348
308,0.36976,22.075096130371094,0.11383499205112457,0.12732723355293274
309,0.185,20.35991668701172,0.12059976160526276,0.13849690556526184
310,0.1712,20.13102149963379,0.12151020020246506,0.13997462391853333
311,0.05581,17.10901641845703,0.1336354911327362,0.15938451886177063
312,0.3782,22.146991729736328,0.1135513037443161,0.12685874104499817
313,0.15339,19.83561897277832,0.12268515676259995,0.14188101887702942
314,0.2504,21.058349609375,0.11784252524375916,0.13395360112190247
315,0.74526,23.979246139526367,0.10652223229408264,0.1145714819431305
316,0.01038,14.78769588470459,0.1613609939813614,0.18992868065834045
317,0.11628,19.135108947753906,0.12546725571155548,0.14640870690345764
318,0.1696,20.10448455810547,0.12161566317081451,0.14014604687690735
319,0.47091,22.936721801757812,0.11043824255466461,0.12171271443367004
320,0.51539,23.21324920654297,0.10936371982097626,0.11988285183906555
321,0.2102,20.682933807373047,0.11932273209095001,0.13639965653419495
322,0.18388,20.341337203979492,0.1206737607717514,0.13861742615699768
323,0.0718,17.779003143310547,0.1309029757976532,0.1551286280155182
324,0.3185,21.63844871520996,0.1155560165643692,0.130172997713089
325,0.8652,24.378925323486328,0.10503943264484406,0.11179986596107483
326,0.03161,15.424952507019043,0.14799752831459045,0.177144855260849
327,0.02557,14.78769588470459,0.1613609939813614,0.18992868065834045
328,0.03416,15.713702201843262,0.14194390177726746,0.17135116457939148
329,0.14792,19.744892120361328,0.12304581701755524,0.14246633648872375
330,0.0919,18.569917678833008,0.12770706415176392,0.1500702202320099
331,0.04976,16.820697784423828,0.13480979204177856,0.1612185537815094
332,0.2889,21.386306762695312,0.1165497750043869,0.1318162977695465
333,0.3253,21.696372985839844,0.11532741785049438,0.12979534268379211
334,0.2335,20.914390563964844,0.11841008067131042,0.1348910629749298
335,0.02197,14.78769588470459,0.1613609939813614,0.18992868065834045
336,0.24267,20.992504119873047,0.11810195446014404,0.13438192009925842
337,0.1194,19.208030700683594,0.12517809867858887,0.14593639969825745
338,0.3892,22.240692138671875,0.11318197846412659,0.12624850869178772
339,0.01447,14.78769588470459,0.1613609939813614,0.18992868065834045
340,0.06481,17.486120223999023,0.13209745287895203,0.15698888897895813
341,0.02482,14.78769588470459,0.1613609939813614,0.18992868065834045
342,0.2307,20.890541076660156,0.11850415170192719,0.13504698872566223
343,0.03144,15.4057035446167,0.14840105175971985,0.17753097414970398
344,0.04582,16.55681800842285,0.1358819454908371,0.16290226578712463
345,0.02894,15.1226167678833,0.15433615446090698,0.1832115352153778
346,0.5592,23.359237670898438,0.10882194340229034,0.11887088418006897
347,0.4774,22.992008209228516,0.11022037267684937,0.12135222554206848
348,0.2688,21.215087890625,0.1172247976064682,0.13293209671974182
349,0.5088,23.1912899017334,0.10944515466690063,0.12003496289253235
350,0.1496,19.77275848388672,0.12293502688407898,0.14228656888008118
351,0.92116,24.565401077270508,0.10434792935848236,0.11050739884376526
352,0.02932,15.165645599365234,0.1534339189529419,0.18234816193580627
353,0.32931,21.730531692504883,0.11519306898117065,0.129573255777359
354,0.68591,23.781475067138672,0.10725568234920502,0.11594322323799133
355,0.46691,22.902650833129883,0.11057229340076447,0.12193480134010315
356,0.53591,23.281627655029297,0.10910986363887787,0.11940887570381165
357,0.26162,21.153926849365234,0.11746557056903839,0.13333037495613098
358,0.1568,19.89217758178711,0.12246023118495941,0.14151600003242493
359,0.69038,23.796371459960938,0.10720066726207733,0.1158396303653717
360,0.4292,22.581424713134766,0.11183880269527435,0.12402823567390442
361,0.80691,24.184682846069336,0.10576021671295166,0.11314728856086731
362,0.81338,24.206241607666016,0.10567986965179443,0.11299732327461243
363,0.43591,22.63858413696289,0.1116132140159607,0.12365511059761047
364,0.05495,17.072982788085938,0.13378244638442993,0.15961351990699768
365,0.3006,21.48596954345703,0.11615701019763947,0.1311667263507843
366,0.24603,21.021127700805664,0.11798959970474243,0.13419583439826965
367,0.04819,16.71554946899414,0.1352369785308838,0.16188916563987732
368,0.1004,18.76395034790039,0.12693820893764496,0.14881232380867004
369,0.14581,19.709896087646484,0.12318491190671921,0.14269223809242249
370,0.174,20.177465438842773,0.12132556736469269,0.13967493176460266
371,0.66438,23.709732055664062,0.10752174258232117,0.11644032597541809
372,0.3288,21.726186752319336,0.11521017551422119,0.129601389169693
373,0.2896,21.392269134521484,0.11652658879756927,0.13177743554115295
374,0.7992,24.158992767333984,0.10585519671440125,0.11332526803016663
375,0.05092,16.898387908935547,0.13449417054653168,0.1607227623462677
376,0.01506,14.78769588470459,0.1613609939813614,0.18992868065834045
377,0.02477,14.78769588470459,0.1613609939813614,0.18992868065834045
378,0.2318,20.899913787841797,0.11846719682216644,0.13498595356941223
379,0.46891,22.919687271118164,0.11050532758235931,0.12182357907295227
380,0.359,21.983440399169922,0.1141958087682724,0.12792471051216125
381,0.2288,20.874359130859375,0.11856788396835327,0.13515236973762512
382,0.2797,21.307939529418945,0.11685870587825775,0.1323266327381134
383,0.4704,22.93238067626953,0.11045543849468231,0.12174120545387268
384,0.02223,14.78769588470459,0.1613609939813614,0.18992868065834045
385,0.85391,24.34130096435547,0.1051793098449707,0.11206117272377014
386,0.45117,22.768573760986328,0.11110125482082367,0.12280860543251038
387,0.01908,14.78769588470459,0.1613609939813614,0.18992868065834045
388,0.35116,21.916656494140625,0.11445918679237366,0.1283598244190216
389,0.03837,16.057859420776367,0.1379091441631317,0.16608580946922302
390,0.20453,20.613792419433594,0.11959564685821533,0.13684967160224915
391,0.12928,19.435718536376953,0.12427538633346558,0.14446166157722473
392,0.17768,20.238502502441406,0.12108276784420013,0.13928070664405823
393,0.2255,20.84624671936035,0.11867853999137878,0.13533583283424377
394,0.2448,21.010650634765625,0.11803047358989716,0.13426437973976135
395,0.2492,21.04813003540039,0.11788290739059448,0.13402000069618225
396,0.13353,19.506214141845703,0.12399519234895706,0.1440066397190094
397,0.4269,22.56183624267578,0.11191599071025848,0.1241556704044342
398,0.08543,18.350109100341797,0.1285763382911682,0.15149763226509094
399,0.82238,24.236236572265625,0.10556881129741669,0.11278966069221497
400,0.29936,21.475406646728516,0.11619867384433746,0.13123539090156555
401,0.2305,20.888835906982422,0.1185108870267868,0.13505819439888
402,0.05418,17.04071807861328,0.13391408324241638,0.15981832146644592
403,0.308,21.549007415771484,0.11590851843357086,0.13075581192970276
404,0.4504,22.76201629638672,0.11112712323665619,0.12285104393959045
405,0.01698,14.78769588470459,0.1613609939813614,0.18992868065834045
406,0.07515,17.919370651245117,0.13033035397529602,0.15423670411109924
407,0.02689,14.890486717224121,0.1592026650905609,0.18786945939064026
408,0.3412,21.83181381225586,0.11479364335536957,0.12891271710395813
409,0.3032,21.50811767578125,0.11606980860233307,0.1310223639011383
410,0.02845,15.06713581085205,0.15549932420253754,0.18432489037513733
411,0.3306,21.741519927978516,0.11514993011951447,0.1295013725757599
412,0.05322,17.000492095947266,0.13407811522483826,0.16007402539253235
413,0.38492,22.204235076904297,0.11332565546035767,0.12648585438728333
414,0.75816,24.022233963012695,0.1063627153635025,0.11427357792854309
415,0.73316,23.938928604125977,0.10667167603969574,0.11485102772712708
416,0.46138,22.855545043945312,0.11075831949710846,0.12224176526069641
417,0.854,24.341602325439453,0.10517805814743042,0.11205950379371643
418,0.01724,14.78769588470459,0.1613609939813614,0.18992868065834045
419,0.53216,23.26913070678711,0.10915642976760864,0.11949613690376282
420,0.01271,14.78769588470459,0.1613609939813614,0.18992868065834045
421,0.34621,21.874492645263672,0.11462531983852386,0.12863460183143616
422,0.17696,20.226560592651367,0.12113015353679657,0.13935819268226624
423,0.45138,22.770362854003906,0.1110939234495163,0.12279656529426575
424,0.3001,21.481712341308594,0.11617392301559448,0.13119402527809143
425,0.64839,23.656448364257812,0.10771943628787994,0.11681011319160461
426,0.01532,14.78769588470459,0.1613609939813614,0.18992868065834045
427,0.83791,24.28798484802246,0.10537689924240112,0.11243060231208801
428,0.2106,20.6878662109375,0.11930304765701294,0.1363675892353058
429,0.17428,20.182109832763672,0.1213071197271347,0.13964465260505676
430,0.03273,15.551777839660645,0.1453384906053543,0.17459991574287415
431,0.18376,20.33934783935547,0.12068173289299011,0.13863018155097961
432,0.18123,20.297386169433594,0.12084861099720001,0.13890090584754944
433,0.2085,20.66220474243164,0.1194043755531311,0.13653483986854553
434,0.2752,21.269607543945312,0.11701002717018127,0.1325768530368805
435,0.13833,19.585826873779297,0.12367836385965347,0.14349284768104553
436,0.3056,21.528560638427734,0.11598898470401764,0.13088932633399963
437,0.2363,20.938243865966797,0.11831603944301605,0.13473621010780334
438,0.02038,14.78769588470459,0.1613609939813614,0.18992868065834045
439,0.01568,14.78769588470459,0.1613609939813614,0.18992868065834045
440,0.23775,20.95059585571289,0.11826702952384949,0.13465538620948792
441,0.31494,21.608123779296875,0.1156754344701767,0.13037064671516418
442,0.15689,19.89366912841797,0.12245406210422516,0.14150598645210266
443,0.3312,21.74662971496582,0.11512927711009979,0.12946763634681702
444,0.3712,22.08736228942871,0.11378645896911621,0.12724736332893372
445,0.3302,21.738113403320312,0.11516307294368744,0.12952354550361633
446,0.03408,15.704642295837402,0.1421337127685547,0.1715330183506012
447,0.80538,24.179584503173828,0.10577903687953949,0.11318245530128479
448,0.1806,20.28693389892578,0.12089003622531891,0.13896825909614563
449,0.21887,20.78976821899414,0.1189013421535492,0.13570371270179749
450,0.12336,19.300586700439453,0.124811090528965,0.14533677697181702
451,0.30394,21.514423370361328,0.11604480445384979,0.1309812366962433
452,0.75639,24.016334533691406,0.10638463497161865,0.11431422829627991
453,0.98339,24.772768020629883,0.10357844829559326,0.10906925797462463
454,0.12899,19.430912017822266,0.12429457157850266,0.14449241757392883
455,0.62791,23.588199615478516,0.10797259211540222,0.11728313565254211
456,0.55091,23.331615447998047,0.10892464220523834,0.11906245350837708
457,0.1396,19.606891632080078,0.1235947459936142,0.1433573067188263
458,0.5142,23.20928192138672,0.10937801003456116,0.11991015076637268
459,0.26166,21.154266357421875,0.11746431887149811,0.13332822918891907
460,0.24883,21.04497718811035,0.11789526045322418,0.13404038548469543
461,0.73091,23.931427001953125,0.10669972002506256,0.11490300297737122
462,0.1996,20.55367660522461,0.11983293294906616,0.1372402012348175
463,0.2622,21.15886688232422,0.11744654178619385,0.13329866528511047
464,0.3456,21.869293212890625,0.11464591324329376,0.12866845726966858
465,0.53316,23.272464752197266,0.10914380848407745,0.11947229504585266
466,0.37391,22.11044692993164,0.11369557678699493,0.12709727883338928
467,0.03184,15.45099925994873,0.1474514603614807,0.17662236094474792
468,0.95991,24.69452667236328,0.10386882722377777,0.10961189866065979
469,0.0197,14.78769588470459,0.1613609939813614,0.18992868065834045
470,0.2368,20.942502975463867,0.11829929053783417,0.1347081959247589
471,0.0471,16.642545700073242,0.13553360104560852,0.1623552143573761
472,0.74116,23.96558380126953,0.10657264292240143,0.11466625332832336
473,0.52216,23.235807418823242,0.10927991569042206,0.11972644925117493
474,0.5006,23.16396141052246,0.10954660177230835,0.12022486329078674
475,0.25672,21.1121883392334,0.11763022840023041,0.13360252976417542
476,0.13687,19.561613082885742,0.12377483397722244,0.14364948868751526
477,0.8592,24.358928680419922,0.10511374473571777,0.11193886399269104
478,0.9752,24.745479583740234,0.10367970168590546,0.10925868153572083
479,0.64116,23.632354736328125,0.10780893266201019,0.11697724461555481
480,0.3055,21.5277099609375,0.11599244177341461,0.13089492917060852
481,0.93291,24.60455322265625,0.10420235991477966,0.11023560166358948
482,0.19726,20.52513885498047,0.11994555592536926,0.13742545247077942
483,0.02643,14.838398933410645,0.16029465198516846,0.18891438841819763
484,0.14882,19.75981903076172,0.12298654764890671,0.14237013459205627
485,0.51,23.19528579711914,0.10943017899990082,0.12000754475593567
486,0.2367,20.941650390625,0.1183025985956192,0.1347137987613678
487,0.60392,23.508258819580078,0.10826922953128815,0.11783745884895325
488,0.02559,14.78769588470459,0.1613609939813614,0.18992868065834045
489,0.2406,20.974872589111328,0.11817163228988647,0.13449731469154358
490,0.51491,23.211647033691406,0.10936969518661499,0.11989405751228333
491,0.03984,16.156312942504883,0.13750897347927094,0.16545775532722473
492,0.02275,14.78769588470459,0.1613609939813614,0.18992868065834045
493,0.92591,24.58123016357422,0.1042889654636383,0.11039736866950989
494,0.29353,21.42574691772461,0.1163945198059082,0.13155928254127502
495,0.18931,20.42819595336914,0.12032851576805115,0.13805654644966125
496,0.1599,19.94359588623047,0.12225554883480072,0.14118412137031555
497,0.18516,20.362567901611328,0.12058928608894348,0.13848045468330383
498,0.20368,20.60342788696289,0.1196366399526596,0.13691678643226624
499,0.6192,23.55917739868164,0.10808031260967255,0.11748388409614563
500,0.3618,22.007291793823242,0.1141020804643631,0.12776950001716614
501,0.01382,14.78769588470459,0.1613609939813614,0.18992868065834045
502,0.0288,15.106764793395996,0.1546684354543686,0.18352946639060974
503,0.21938,20.794113159179688,0.11888423562049866,0.1356751024723053
504,0.1206,19.23607635498047,0.12506690621376038,0.14575472474098206
505,0.14703,19.73012924194336,0.12310457229614258,0.14256206154823303
506,0.2145,20.73666763305664,0.11911071836948395,0.1360497772693634
507,0.2534,21.083906173706055,0.11774183809757233,0.13378694653511047
508,0.4607,22.849750518798828,0.11078131198883057,0.12227943539619446
509,0.1727,20.155902862548828,0.1214112937450409,0.13981381058692932
510,0.3312,21.74662971496582,0.1151295155286789,0.12946823239326477
511,0.2411,20.979129791259766,0.11815465986728668,0.1344694197177887
512,0.15317,19.83197021484375,0.12269940227270126,0.14190426468849182
513,0.4399,22.672571182250977,0.11147932708263397,0.12343397736549377
514,0.3018,21.496192932128906,0.11611680686473846,0.13110008835792542
515,0.01972,14.78769588470459,0.1613609939813614,0.18992868065834045
516,0.01697,14.78769588470459,0.1613609939813614,0.18992868065834045
517,0.94791,24.654541015625,0.10401716828346252,0.10988882184028625
518,0.0295,15.186030387878418,0.1530066430568695,0.18193915486335754
519,0.1896,20.431732177734375,0.12031452357769012,0.1380331814289093
520,0.36,21.991958618164062,0.1141624003648758,0.1278691589832306
521,0.12455,19.328399658203125,0.12470096349716187,0.1451566517353058
522,0.8592,24.358928680419922,0.10511374473571777,0.11193886399269104
523,0.1604,19.951889038085938,0.12222254276275635,0.14113059639930725
524,0.02189,14.78769588470459,0.1613609939813614,0.18992868065834045
525,0.1808,20.290250778198242,0.12087692320346832,0.1389470398426056
526,0.11991,19.219951629638672,0.12513089179992676,0.14585939049720764
527,0.18651,20.384960174560547,0.12050025165081024,0.13833585381507874
528,0.5779,23.421554565429688,0.10859090089797974,0.11843910813331604
529,0.2631,21.166534423828125,0.11741617321968079,0.1332482397556305
530,0.14387,19.677719116210938,0.12331298738718033,0.14289966225624084
531,0.57891,23.424917221069336,0.10857824981212616,0.11841526627540588
532,0.71839,23.88970947265625,0.10685424506664276,0.11519280076026917
533,0.3106,21.571155548095703,0.11582118272781372,0.1306115686893463
534,0.2307,20.890541076660156,0.11850415170192719,0.13504698872566223
535,0.68921,23.792470932006836,0.10721512138843536,0.11586657166481018
536,0.02349,14.78769588470459,0.1613609939813614,0.18992868065834045
537,0.01291,14.78769588470459,0.1613609939813614,0.18992868065834045
538,0.28332,21.338775634765625,0.1167372465133667,0.13212576508522034
539,0.66259,23.703763961791992,0.10754401981830597,0.11648193001747131
540,0.02547,14.78769588470459,0.1613609939813614,0.18992868065834045
541,0.3374,21.79944610595703,0.11492134630680084,0.129123717546463
542,0.70116,23.832292556762695,0.10706721246242523,0.11559060215950012
543,0.46109,22.853073120117188,0.11076788604259491,0.12225785851478577
544,0.2798,21.308788299560547,0.11685547232627869,0.13232138752937317
545,0.03827,16.05116081237793,0.13793623447418213,0.16612854599952698
546,0.1808,20.290250778198242,0.12087692320346832,0.1389470398426056
547,0.92891,24.591224670410156,0.1042521595954895,0.11032798886299133
548,0.15517,19.865142822265625,0.12256767600774765,0.14169040322303772
549,0.1219,19.266462326049805,0.12494635581970215,0.14555755257606506
550,0.69391,23.80813217163086,0.10715702176094055,0.11575821042060852
551,0.2006,20.565868377685547,0.11978510022163391,0.1371610462665558
552,0.44238,22.693695068359375,0.1113964170217514,0.12329593300819397
553,0.8292,24.258962631225586,0.10548460483551025,0.11263206601142883
554,0.38048,22.166412353515625,0.11347492039203644,0.1267324984073639
555,0.5025,23.17029571533203,0.10952284932136536,0.12018099427223206
556,0.62116,23.56570816040039,0.10805630683898926,0.11743953824043274
557,0.3606,21.9970703125,0.11414229869842529,0.12783601880073547
558,0.3473,21.883773803710938,0.11458902060985565,0.128574401140213
559,0.2006,20.565868377685547,0.11978510022163391,0.1371610462665558
560,0.4267,22.560131072998047,0.1119229644536972,0.12416699528694153
561,0.24643,21.0245361328125,0.11797572672367096,0.1341738998889923
562,0.10351,18.836639404296875,0.12665045261383057,0.1483418047428131
563,0.21005,20.681106567382812,0.11932975053787231,0.13641157746315002
564,0.4294,22.5831298828125,0.11183224618434906,0.12401703000068665
565,0.3666,22.048179626464844,0.11394080519676208,0.12750282883644104
566,0.72639,23.916366577148438,0.10675518214702606,0.11500754952430725
567,0.7662,24.049026489257812,0.10626354813575745,0.11408808827400208
568,0.2049,20.618303298950195,0.11957760155200958,0.13681986927986145
569,0.4404,22.676830291748047,0.11146295070648193,0.12340608239173889
570,0.2504,21.058349609375,0.11784252524375916,0.13395360112190247
571,0.0706,17.72872543334961,0.1311078816652298,0.15544787049293518
572,0.2212,20.809616088867188,0.11882303655147552,0.1355741322040558
573,0.97,24.728151321411133,0.10374413430690765,0.10937908291816711
574,0.1221,19.271137237548828,0.12492799758911133,0.14552739262580872
575,0.349,21.89825439453125,0.11453171074390411,0.12848010659217834
576,0.0415,16.267488479614258,0.13705727458000183,0.16474834084510803
577,0.0896,18.524829864501953,0.127885103225708,0.15036359429359436
578,0.64339,23.63978385925293,0.10778103768825531,0.11692538857460022
579,0.55239,23.336544036865234,0.10890622437000275,0.11902788281440735
580,0.03359,15.649158477783203,0.1432969868183136,0.17264625430107117
581,0.5592,23.359237670898438,0.10882194340229034,0.11887088418006897
582,0.2416,20.98339080810547,0.11813823878765106,0.13444200158119202
583,0.3492,21.899959564208984,0.11452506482601166,0.12846830487251282
584,0.07883,18.073562622070312,0.12970158457756042,0.15325751900672913
585,0.08806,18.46030616760254,0.12814033031463623,0.15078237652778625
586,0.3712,22.08736228942871,0.11378645896911621,0.12724736332893372
587,0.5501,23.328914642333984,0.10893456637859344,0.11908116936683655
588,0.35486,21.94817352294922,0.1143350899219513,0.12815514206886292
589,0.2102,20.682933807373047,0.11932273209095001,0.13639965653419495
590,0.34916,21.899621963500977,0.1145264208316803,0.12847080826759338
591,0.63892,23.624889373779297,0.10783685743808746,0.11702850461006165
592,0.3922,22.26624870300293,0.11308114230632782,0.12608209252357483
593,0.53491,23.278295516967773,0.10912235081195831,0.1194320023059845
594,0.29567,21.4439754486084,0.1163225769996643,0.13144055008888245
595,0.37046,22.08106231689453,0.11381113529205322,0.1272886097431183
596,0.02401,14.78769588470459,0.1613609939813614,0.18992868065834045
597,0.76791,24.05472183227539,0.10624198615550995,0.11404815316200256
598,0.103,18.824716567993164,0.12669745087623596,0.14841929078102112
599,0.8489,24.32460594177246,0.10524079203605652,0.1121768057346344
600,0.19025,20.43965721130371,0.12028338015079498,0.13798168301582336
601,0.5196,23.227277755737305,0.10931134223937988,0.11978581547737122
602,0.50016,23.162498474121094,0.10955178737640381,0.12023511528968811
603,0.72739,23.919696807861328,0.10674269497394562,0.11498406529426575
604,1.02991,24.92778778076172,0.10300338268280029,0.10799446702003479
605,0.1526,19.8225154876709,0.12273702770471573,0.14196541905403137
606,0.85039,24.329574584960938,0.10522247850894928,0.11214247345924377
607,0.20335,20.599403381347656,0.1196524053812027,0.1369430124759674
608,0.2988,21.470638275146484,0.11621728539466858,0.1312665045261383
609,0.07369,17.858196258544922,0.13057996332645416,0.1546253263950348
610,0.4198,22.501354217529297,0.11215440928936005,0.12454977631568909
611,0.91039,24.529510498046875,0.10448102653026581,0.11075642704963684
612,0.3012,21.49108123779297,0.11613711714744568,0.13113346695899963
613,0.2921,21.41356658935547,0.11644236743450165,0.13163843750953674
614,0.05715,17.165163040161133,0.13340649008750916,0.1590278446674347
615,0.25029,21.057411193847656,0.11784638464450836,0.13395920395851135
616,0.04486,16.492523193359375,0.13614317774772644,0.16331234574317932
617,0.11364,19.073402404785156,0.12571173906326294,0.14680829644203186
618,0.63116,23.599029541015625,0.10793247818946838,0.11720839142799377
619,0.17915,20.262882232666016,0.12098594009876251,0.1391233503818512
620,0.3826,22.184471130371094,0.11340346932411194,0.12661483883857727
621,0.07063,17.729982376098633,0.13110288977622986,0.15544012188911438
622,0.15304,19.82981300354004,0.12270806729793549,0.14191845059394836
623,0.3297,21.733856201171875,0.11517989635467529,0.12955167889595032
624,0.01741,14.78769588470459,0.1613609939813614,0.18992868065834045
625,0.01567,14.78769588470459,0.1613609939813614,0.18992868065834045
626,0.2804,21.313901901245117,0.11683528125286102,0.13228777050971985
627,0.4276,22.567794799804688,0.11189250648021698,0.1241166889667511
628,0.72091,23.89810562133789,0.10682311654090881,0.11513426899909973
629,0.7202,23.895740509033203,0.10683181881904602,0.11515071988105774
630,0.2712,21.23553466796875,0.11714421212673187,0.13279858231544495
631,0.63291,23.604862213134766,0.10791097581386566,0.11716750264167786
632,1.23,25.59455108642578,0.10053029656410217,0.10337141156196594
633,0.3065,21.536230087280273,0.11595900356769562,0.13083913922309875
634,1.23,25.59455108642578,0.10053029656410217,0.10337141156196594
635,0.17839,20.25027847290039,0.12103594839572906,0.13920536637306213
636,0.03314,15.598200798034668,0.1443653404712677,0.1736685335636139
637,0.0258,14.78769588470459,0.1613609939813614,0.18992868065834045
638,0.7972,24.152328491210938,0.10587991774082184,0.11337116360664368
639,0.44939,22.75341033935547,0.11116091907024384,0.12290754914283752
640,0.01678,14.78769588470459,0.1613609939813614,0.18992868065834045
641,0.1407,19.625137329101562,0.1235220655798912,0.14323917031288147
642,0.02348,14.78769588470459,0.1613609939813614,0.18992868065834045
643,0.4045,22.371021270751953,0.11266833543777466,0.1253996193408966
644,0.0755,17.934036254882812,0.13027065992355347,0.15414348244667053
645,0.6782,23.755781173706055,0.10735121369361877,0.11612144112586975
646,0.3156,21.613746643066406,0.11565318703651428,0.1303342878818512
647,0.42291,22.52784538269043,0.11205016076564789,0.12437739968299866
648,0.4194,22.49794578552246,0.11216786503791809,0.12457194924354553
649,0.1023,18.808359146118164,0.12676236033439636,0.14852526783943176
650,0.02024,14.78769588470459,0.1613609939813614,0.18992868065834045
651,0.01726,14.78769588470459,0.1613609939813614,0.18992868065834045
652,0.3192,21.644411087036133,0.11553239822387695,0.13013425469398499
653,0.89038,24.462833404541016,0.10472840070724487,0.11121848225593567
654,0.15509,19.863815307617188,0.12257291376590729,0.14169874787330627
655,0.4198,22.501354217529297,0.11215440928936005,0.12454977631568909
656,0.69791,23.821460723876953,0.10710743069648743,0.11566570401191711
657,0.19009,20.437707901000977,0.12029092013835907,0.1379944384098053
658,0.27,21.225311279296875,0.11718447506427765,0.13286533951759338
659,0.3802,22.16402816772461,0.11348392069339752,0.12674811482429504
660,0.4114,22.429798126220703,0.1124366968870163,0.12501636147499084
661,0.37129,22.088130950927734,0.11378325521945953,0.12724247574806213
662,0.02031,14.78769588470459,0.1613609939813614,0.18992868065834045
663,0.32569,21.699695587158203,0.11531463265419006,0.12977424263954163
664,0.4892,23.0925235748291,0.10982412099838257,0.12069705128669739
665,0.2854,21.35649299621582,0.11666722595691681,0.13201060891151428
666,0.12688,19.382858276367188,0.12448489665985107,0.14480367302894592
667,0.20548,20.625377655029297,0.11954966187477112,0.1367739737033844
668,0.6312,23.59916114807129,0.1079319417476654,0.11720719933509827
669,0.22534,20.844881057739258,0.11868405342102051,0.13534441590309143
670,0.02811,15.028634071350098,0.1563064306974411,0.1850971281528473
671,0.28434,21.347463607788086,0.1167028397321701,0.13206973671913147
672,0.3878,22.22876739501953,0.11322884261608124,0.12632599472999573
673,0.24436,21.006900787353516,0.11804535984992981,0.13428834080696106
674,0.3815,22.17510223388672,0.11344046890735626,0.12667587399482727
675,0.51116,23.199153900146484,0.10941581428050995,0.11998072266578674
676,0.2707,21.231273651123047,0.1171608716249466,0.13282659649848938
677,0.08848,18.477903366088867,0.1280706226825714,0.1506684124469757
678,0.2647,21.18016242980957,0.1173626184463501,0.1331595480442047
679,0.98216,24.76866912841797,0.10359393060207367,0.10909751057624817
680,0.04597,16.566865921020508,0.13584116101264954,0.1628378927707672
681,0.83716,24.28548812866211,0.1053861528635025,0.11244812607765198
682,0.03489,15.793604850769043,0.14026764035224915,0.16968294978141785
683,0.03191,15.4589262008667,0.14728520810604095,0.17646321654319763
684,1.06039,25.02935791015625,0.1026267260313034,0.10728994011878967
685,0.2576,21.11968231201172,0.11760073900222778,0.1335534155368805
686,0.78991,24.128034591674805,0.10597015917301178,0.11354008316993713
687,0.3701,22.077993392944336,0.11382335424423218,0.12730863690376282
688,0.3192,21.644411087036133,0.11553239822387695,0.13013425469398499
689,0.4235,22.53287124633789,0.11203014850616455,0.12434437870979309
690,0.0906,18.544761657714844,0.12780636548995972,0.1502338945865631
691,0.29683,21.453857421875,0.11628344655036926,0.13137581944465637
692,0.3812,22.17254638671875,0.11345073580741882,0.12669268250465393
693,0.15837,19.91822052001953,0.1223566085100174,0.14134803414344788
694,0.349,21.898258209228516,0.11453190445899963,0.128480464220047
695,0.95039,24.662803649902344,0.103986456990242,0.10983160138130188
696,0.80039,24.16295623779297,0.10584044456481934,0.1132979691028595
697,0.01504,14.78769588470459,0.1613609939813614,0.18992868065834045
698,0.48016,23.015520095825195,0.11012761294841766,0.12119928002357483
699,0.1789,20.258737564086914,0.12100237607955933,0.13915029168128967
700,0.1792,20.263713836669922,0.1209825724363327,0.1391182243824005
701,0.1075,18.92989730834961,0.12628056108951569,0.1477377712726593
702,0.1612,19.965158462524414,0.12216991186141968,0.14104488492012024
703,0.76191,24.034730911254883,0.1063164621591568,0.11418691277503967
704,0.3536,21.937440872192383,0.11437743902206421,0.12822464108467102
705,0.4096,22.414466857910156,0.11249691247940063,0.1251160204410553
706,0.24852,21.042339324951172,0.11790557205677032,0.1340574324131012
707,0.03426,15.72502613067627,0.14170637726783752,0.1711237132549286
708,0.24315,20.99659538269043,0.11808596551418304,0.13435593247413635
709,0.18914,20.42612075805664,0.12033666670322418,0.13806965947151184
710,0.2748,21.266197204589844,0.1170232892036438,0.1325989067554474
711,0.01226,14.78769588470459,0.1613609939813614,0.18992868065834045
712,0.4812,23.024375915527344,0.11009275913238525,0.1211412250995636
713,0.0153,14.78769588470459,0.1613609939813614,0.18992868065834045
714,0.03713,15.974810600280762,0.13824640214443207,0.16661569476127625
715,0.03518,15.819934844970703,0.13984042406082153,0.16908296942710876
716,0.0589,17.238489151000977,0.13310733437538147,0.15856197476387024
717,0.02639,14.833868980407715,0.16038969159126282,0.18900522589683533
718,0.2396,20.966354370117188,0.11820539832115173,0.13455286622047424
719,0.77721,24.085712432861328,0.10612718760967255,0.1138332188129425
720,0.63821,23.62252426147461,0.10784529149532318,0.11704543232917786
721,0.06877,17.65204620361328,0.13142068684101105,0.15593484044075012
722,0.4305,22.592498779296875,0.11179520189762115,0.1239561140537262
723,0.50349,23.173593521118164,0.10951067507266998,0.12015834450721741
724,0.1361,19.548839569091797,0.12382547557353973,0.1437315046787262
725,0.5632,23.37256622314453,0.1087726354598999,0.11877825856208801
726,0.03292,15.57329273223877,0.1448875069618225,0.174168199300766
727,0.1735,20.169170379638672,0.12135837972164154,0.13972845673561096
728,0.13696,19.5631046295166,0.12376895546913147,0.14363959431648254
729,0.2888,21.385456085205078,0.1165531724691391,0.1318216621875763
730,0.93116,24.598724365234375,0.10422419011592865,0.11027601361274719
731,0.1812,20.296886444091797,0.12085060775279999,0.13890424370765686
732,0.87116,24.398784637451172,0.10496583580970764,0.11166301369667053
733,0.0299,15.231322288513184,0.1520569622516632,0.18103018403053284
734,0.7692,24.05902099609375,0.10622616112232208,0.11401823163032532
735,0.8592,24.358930587768555,0.10511364042758942,0.11193898320198059
736,0.12516,19.34265899658203,0.12464459985494614,0.14506426453590393
737,0.04093,16.229312896728516,0.13721254467964172,0.16499164700508118
738,0.4098,22.416170120239258,0.11249025166034698,0.12510493397712708
739,0.3652,22.0362548828125,0.11398766934871674,0.1275804340839386
740,0.04067,16.21190071105957,0.13728320598602295,0.16510292887687683
741,0.1072,18.922883987426758,0.12630823254585266,0.1477830708026886
742,0.37091,22.08489418029785,0.11379599571228027,0.12726393342018127
743,0.43521,22.63262176513672,0.11163708567619324,0.12369480729103088
744,0.03048,15.29699993133545,0.1506800353527069,0.17971232533454895
745,0.08504,18.33376693725586,0.12864089012145996,0.15160372853279114
746,0.3704,22.080551147460938,0.11381310224533081,0.12729182839393616
747,0.01705,14.78769588470459,0.1613609939813614,0.18992868065834045
748,0.26891,21.21602439880371,0.11722101271152496,0.13292577862739563
749,0.01209,14.78769588470459,0.1613609939813614,0.18992868065834045
750,0.2488,21.044723510742188,0.1178961992263794,0.1340419352054596
751,0.7364,23.949722290039062,0.10663144290447235,0.11477676033973694
752,0.03212,15.482705116271973,0.14678668975830078,0.17598608136177063
753,0.10886,18.961681365966797,0.12615454196929932,0.1475318968296051
754,0.1098,18.983654022216797,0.1260673701763153,0.14738979935646057
755,0.3412,21.83181381225586,0.11479364335536957,0.12891271710395813
756,0.27656,21.28118896484375,0.11696413159370422,0.13250139355659485
757,0.42816,22.57256507873535,0.1118738204240799,0.12408581376075745
758,0.11242,19.044891357421875,0.1258246898651123,0.14699259400367737
759,0.8672,24.385589599609375,0.10501472651958466,0.11175397038459778
760,0.04713,16.644556045532227,0.13552546501159668,0.1623423993587494
761,0.2927,21.418676376342773,0.11642220616340637,0.13160517811775208
762,0.0212,14.78769588470459,0.1613609939813614,0.18992868065834045
763,0.04714,16.645225524902344,0.135522723197937,0.16233816742897034
764,0.24552,21.01678466796875,0.1180066466331482,0.1342240869998932
765,0.18891,20.423316955566406,0.12034782767295837,0.1380878984928131
766,0.72039,23.89636993408203,0.1068294495344162,0.11514618992805481
767,0.9142,24.542205810546875,0.10443384945392609,0.11066809296607971
768,0.6162,23.549179077148438,0.10811740159988403,0.11755397915840149
769,0.20735,20.648181915283203,0.11945977807044983,0.13662543892860413
770,0.2749,21.26704978942871,0.11701987683773041,0.1325933039188385
771,0.25609,21.106822967529297,0.11765135824680328,0.1336374580860138
772,0.7012,23.83242416381836,0.107066810131073,0.11558964848518372
773,0.2604,21.143535614013672,0.11750683188438416,0.13339856266975403
774,0.48038,23.017391204833984,0.11012034118175507,0.1211872398853302
775,0.1792,20.263713836669922,0.1209825724363327,0.1391182243824005
776,0.57921,23.425914764404297,0.10857462882995605,0.11840870976448059
777,0.2956,21.443378448486328,0.11632488667964935,0.13144436478614807
778,0.1453,19.701435089111328,0.12321857362985611,0.14274659752845764
779,0.2457,21.018314361572266,0.11800037324428558,0.13421419262886047
780,0.02673,14.872370719909668,0.15958243608474731,0.1882326900959015
781,0.1959,20.508556365966797,0.12001106142997742,0.13753321766853333
782,0.0328,15.559704780578613,0.14517240226268768,0.17444106936454773
783,0.80538,24.179588317871094,0.10577923059463501,0.11318245530128479
784,0.18443,20.350460052490234,0.12063732743263245,0.1385585367679596
785,1.0024,24.836116790771484,0.10334329307079315,0.10862985253334045
786,0.26687,21.19864845275879,0.11728955805301666,0.13303938508033752
787,0.14409,19.681365966796875,0.1232985258102417,0.14287641644477844
788,0.54891,23.324947357177734,0.10894893109798431,0.11910834908485413
789,0.40591,22.383033752441406,0.11262066662311554,0.12532058358192444
790,0.2902,21.39737892150879,0.11650599539279938,0.13174381852149963
791,0.23684,20.94284439086914,0.11829784512519836,0.134706050157547
792,0.5192,23.22594451904297,0.10931670665740967,0.11979499459266663
793,0.935,24.61151885986328,0.10417649149894714,0.11018767952919006
794,0.0963,18.668121337890625,0.12731818854808807,0.14943328499794006
795,0.1352,19.533912658691406,0.12388499081134796,0.14382806420326233
796,0.3676,22.056699752807617,0.11390718817710876,0.12744763493537903
797,0.2528,21.07879638671875,0.11776188015937805,0.13381996750831604
798,0.06845,17.63863754272461,0.1314752846956253,0.15602031350135803
799,0.69992,23.82815933227539,0.10708262026309967,0.11561897397041321
800,0.3491,21.89910888671875,0.1145283579826355,0.1284743845462799
801,0.8174,24.21963882446289,0.10563044250011444,0.11290457844734192
802,0.1799,20.27532196044922,0.12093628942966461,0.13904336094856262
803,0.96038,24.696094512939453,0.1038626879453659,0.10960081219673157
804,0.318,21.63418960571289,0.11557266116142273,0.13020065426826477
805,0.0204,14.78769588470459,0.1613609939813614,0.18992868065834045
806,0.24639,21.024192810058594,0.1179770827293396,0.13417604565620422
807,0.2236,20.830060958862305,0.11874260008335114,0.13544121384620667
808,0.03863,16.075271606445312,0.13783830404281616,0.16597458720207214
809,0.09227,18.577075958251953,0.12767890095710754,0.15002337098121643
810,0.02529,14.78769588470459,0.1613609939813614,0.18992868065834045
811,1.014,24.874774932861328,0.10320021212100983,0.1083623468875885
812,0.03055,15.304924011230469,0.1505139023065567,0.1795533001422882
813,0.06559,17.518802642822266,0.13196435570716858,0.15678170323371887
814,0.51416,23.209152221679688,0.10937853157520294,0.11991158127784729
815,0.15492,19.86099624633789,0.12258406728506088,0.1417171061038971
816,0.16356,20.004302978515625,0.12201424688100815,0.14079251885414124
817,0.26338,21.16891860961914,0.11740683019161224,0.1332332193851471
818,0.0994,18.740575790405273,0.12703102827072144,0.1489640772342682
819,0.68116,23.76564598083496,0.10731449723243713,0.1160530149936676
820,0.4804,23.017562866210938,0.11011965572834015,0.12118592858314514
821,0.27091,21.233062744140625,0.11715394258499146,0.1328146755695343
822,0.58791,23.454910278320312,0.108467236161232,0.11820748448371887
823,0.3316,21.750038146972656,0.11511622369289398,0.12944594025611877
824,0.4661,22.895751953125,0.1105998307466507,0.12197950482368469
825,0.0174,14.78769588470459,0.1613609939813614,0.18992868065834045
826,0.93639,24.61614990234375,0.1041596382856369,0.1101553738117218
827,0.8412,24.2989501953125,0.10533612966537476,0.11235442757606506
828,0.05458,17.057479858398438,0.13384565711021423,0.15971198678016663
829,0.3051,21.524303436279297,0.11600586771965027,0.1309167444705963
830,0.2824,21.33094024658203,0.11676804721355438,0.13217702507972717
831,0.11797,19.17460823059082,0.12531067430973053,0.14615300297737122
832,0.8104,24.196311950683594,0.10571689903736115,0.11306622624397278
833,0.78891,24.12470245361328,0.105982705950737,0.11356285214424133
834,0.21935,20.793859481811523,0.11888523399829865,0.13567689061164856
835,0.1852,20.363231658935547,0.12058667838573456,0.13847604393959045
836,0.32984,21.73504638671875,0.11517509818077087,0.12954357266426086
837,0.05359,17.0159969329834,0.13401496410369873,0.15997543931007385
838,0.2988,21.470638275146484,0.11621728539466858,0.1312665045261383
839,0.30354,21.51101303100586,0.11605814099311829,0.13100329041481018
840,0.69892,23.824825286865234,0.10709488391876221,0.11564245820045471
841,0.01268,14.78769588470459,0.1613609939813614,0.18992868065834045
842,0.7424,23.96971893310547,0.10655757784843445,0.11463776230812073
843,0.0152,14.78769588470459,0.1613609939813614,0.18992868065834045
844,0.4952,23.143634796142578,0.10962274670600891,0.12036409974098206
845,0.03163,15.427218437194824,0.14795008301734924,0.17709925770759583
846,0.1022,18.806020736694336,0.12677161395549774,0.14854028820991516
847,0.47516,22.97292709350586,0.11029574275016785,0.12147656083106995
848,0.41816,22.487382888793945,0.11220945417881012,0.12464061379432678
849,0.3347,21.776443481445312,0.11501190066337585,0.129273921251297
850,0.03001,15.243779182434082,0.15179580450057983,0.18078026175498962
851,0.24835,21.040889739990234,0.11791157722473145,0.13406744599342346
852,0.58392,23.441612243652344,0.10851643979549408,0.11829987168312073
853,0.64339,23.63978385925293,0.10778103768825531,0.11692538857460022
854,0.18468,20.35460662841797,0.12062095105648041,0.13853195309638977
855,0.70191,23.834789276123047,0.10705813765525818,0.11557367444038391
856,0.4365,22.64360809326172,0.11159352958202362,0.12362208962440491
857,0.03743,15.994903564453125,0.13816481828689575,0.16648730635643005
858,0.16595,20.0439453125,0.12185649573802948,0.1405365765094757
859,0.20267,20.591110229492188,0.11968526244163513,0.13699689507484436
860,0.3857,22.210880279541016,0.1132993996143341,0.1264425814151764
861,0.99891,24.824485778808594,0.10338671505451202,0.10871043801307678
862,0.86491,24.377960205078125,0.1050431877374649,0.11180701851844788
863,0.12042,19.23187255859375,0.12508361041545868,0.14578178524971008
864,0.67039,23.729759216308594,0.1074475646018982,0.11630144715309143
865,0.1717,20.13931655883789,0.12147729843854904,0.13992086052894592
866,0.08282,18.24074935913086,0.12901967763900757,0.15219524502754211
867,0.26129,21.15111541748047,0.11747682094573975,0.13334921002388
868,0.1692,20.097850799560547,0.12164204567670822,0.14018860459327698
869,0.60916,23.52572250366211,0.10820427536964417,0.11771634221076965
870,0.5892,23.459205627441406,0.10845118761062622,0.11817744374275208
871,0.96038,24.696094512939453,0.1038626879453659,0.10960081219673157
872,0.16059,19.955041885375977,0.12220986932516098,0.14111021161079407
873,0.03348,15.636701583862305,0.14355817437171936,0.17289605736732483
874,0.06455,17.475223541259766,0.1321418434381485,0.15705814957618713
875,0.2166,20.762943267822266,0.11900721490383148,0.13587835431098938
876,0.01754,14.78769588470459,0.1613609939813614,0.18992868065834045
877,0.2708,21.232126235961914,0.11715780198574066,0.13282063603401184
878,1.092,25.134693145751953,0.10223585367202759,0.10655954480171204
879,0.49791,23.155000686645508,0.10957981646060944,0.1202874481678009
880,0.93491,24.611221313476562,0.10417789220809937,0.11018922924995422
881,0.3092,21.559228897094727,0.11586831510066986,0.13068929314613342
882,0.57639,23.416521072387695,0.10860955715179443,0.11847344040870667
883,0.4231,22.529464721679688,0.11204354465007782,0.12436619400978088
884,0.71538,23.879676818847656,0.10689134895801544,0.11526206135749817
885,0.02627,14.820281028747559,0.160674586892128,0.18927791714668274
886,0.06441,17.4693603515625,0.13216589391231537,0.15709546208381653
887,0.9972,24.818788528442383,0.10340772569179535,0.10875049233436584
888,0.20215,20.58477020263672,0.11971023678779602,0.13703826069831848
889,0.89216,24.468761444091797,0.10470645129680634,0.1111777126789093
890,0.37016,22.078502655029297,0.11382123827934265,0.12730517983436584
891,0.02752,14.961823463439941,0.15770713984966278,0.18643763661384583
892,0.0373,15.98619556427002,0.13820016384124756,0.16654327511787415
893,0.2928,21.419525146484375,0.11641892790794373,0.1315998136997223
894,0.01318,14.78769588470459,0.1613609790802002,0.18992874026298523
